"data_extracao";"codigo";"nome";"telefone";"logradouro";"numero";"latitude";"longitude"
2020-03-10 01:58:32;1;RODOVIÁRIA;"3221-9371 ";LG VESPASIANO JULIO VEPPO ;"0";-30,02399616;-51,2194512698
2020-03-10 01:58:32;458;AV. DAS INDÚSTRIAS X AV. SEVERO DULLIUS; ;AV. DAS INDÚSTRIAS ;"1344";-29,9872776651;-51,1698367788
2020-03-10 01:58:32;327;DOM PEDRO II X CORCOVADO; ;R DOM PEDRO II ;"1551";-30,0206083042;-51,1862840548
2020-03-10 01:58:32;24;SHOPPING CENTER IGUATEMI II;"4141-4695";AV JOAO WALLIG ;"1800";-30,0254487549;-51,1632092798
2020-03-10 01:58:32;60;RAMALHETE X TENENTE ALPOIN;"3339-1241 ";R RAMALHETE;"105";-30,067301719;-51,1768251093
2020-03-10 01:58:32;68;MUCIO TEIXEIRA C/ AURELIANO DE FIGUEIREDO PINTO;"3226-5109 ";R MUCIO TEIXEIRA ;"10";-30,0438007238;-51,2233274456
2020-03-10 01:58:32;105;MARCILIO DIAS X GETULIO VARGAS;"3231-0808 ";R MARCILIO DIAS ;"763";-30,049792624;-51,2218594369
2020-03-10 01:58:32;183;SILVEIRO X RADIO E TV GAUCHA; ;R SILVEIRO ;"1220";-30,0705347259;-51,2309254081
2020-03-10 01:58:32;113;HOFFMANN X CRISTÓVÃO COLOMBO;"3222-8176 ";R HOFFMANN ;"710";-30,0215040522;-51,207416905
2020-03-10 01:58:32;121;MAXXI ATACADO HUMAITÁ;"3374-1663 ";AV A J RENNER ;"1603";-29,9823906495;-51,192600204
2020-03-10 01:58:32;100;JOÃO PESSOA X VENÂNCIO AIRES;"3212-4398 ";AV JOAO PESSOA ;"1105";-30,0411891021;-51,2164530974
2020-03-10 01:58:32;267;DAN INN CONCEIÇÃO;"3226-6498";R VIGARIO JOSE IGNACIO ;"618";-30,0310650045;-51,2258034105
2020-03-10 01:58:32;295;PINTO BANDEIRA X VOLUNTÁRIOS DA PÁTRIA; ;R PINTO BANDEIRA ;"280";-30,0266981522;-51,2224325076
2020-03-10 01:58:32;399;SIOMA BREITMAN X NILO PEÇANHA; ;RUA SIOMA BREITMAN ;"495";-30,0345967295;-51,1851928004
2020-03-10 01:58:32;40;FREDERICO MENTZ, 1530; ;R FREDERICO MENTZ ;"1561";-29,9960514008;-51,2022788349
2020-03-10 01:58:32;85;SANTA TERESINHA X VENÂNCIO AIRES;"3330-5831 ";R SANTA TEREZINHA ;"79";-30,0378329055;-51,2110167788
2020-03-10 01:58:32;411;"24 DE OUTUBRO X AUXILIADORA"; ;R VINTE QUATRO DE OUTUBRO ;"1728";-30,021675713;-51,1914527215
2020-03-10 01:58:32;66;FORUM CENTRAL;"3224-1379 ";R MARCIO L VERAS VIDOR ;"10";-30,044479176;-51,2308223551
2020-03-10 01:58:32;453;FERNANDO FERRARI; ;R. FERNANDO FERRARI ;"1001";-29,9749672446;-51,1669746197
2020-03-10 01:58:32;456;VENÂNCIO AIRES X JOÃO PESSOA; ;AV VENANCIO AIRES ;"355";-30,0412534415;-51,2163943713
2020-03-10 01:58:32;475;Paraguai x Cabral;"";R PARAGUAI;"50";-30,028339;-51,228538
2020-03-10 01:58:32;397;SERTÓRIO X FARRAPOS; ;AV SERTORIO ;"615";-29,9999617646;-51,1996064978
2020-03-10 01:58:32;438;BARÃO DO COTEGIPE X DOM PEDRO II; ;R BARAO DO COTEGIPE ;"400";-30,0092609968;-51,1886168107
2020-03-10 01:58:32;370;CEL. MARCOS X DÉA COFAL; ;AV CEL MARCOS ;"2519";-30,1322798667;-51,2336366306
2020-03-10 01:58:32;401;TIBURCIO X CORTE REAL X IPIRANGA; ;R GEN TIBURCIO ;"50";-30,0495991753;-51,19478025
2020-03-10 01:58:32;2;SALDANHA MARINHO X GETÚLIO VARGAS;"3233-5680 ";R SALDANHA MARINHO ;"30";-30,0576550117;-51,2225549119
2020-03-10 01:58:32;56;PEDRO AUGUSTO BITTENCOURT X JUCA BATISTA;"3248-2310 ";AV CEL PEDRO AUGUSTO BITTENCOURT ;"10";-30,1424662276;-51,2179311271
2020-03-10 01:58:32;112;HOSPITAL PRONTO SOCORRO (HPS);"3331-4731 ";R AUGUSTO PESTANA ;"10";-30,0371848142;-51,2092371706
2020-03-10 01:58:32;167;ESCOBAR X OTTO NIEMEYER; ;TRAV. ESCOBAR ;"336";-30,1040390603;-51,236296473
2020-03-10 01:58:32;347;GENUINO X BORGES DE MEDEIROS; ;R CEL GENUINO ;"342";-30,0368071768;-51,2278828667
2020-03-10 01:58:32;447;GUILHERME SCHELL (ESPM); ;R. GUILHERME SCHELL ;"268";-30,0544733846;-51,2072566443
2020-03-10 01:58:32;150;ARY DE ABREU LIMA X AV DO FORTE; ;AV ENG ARY DE ABREU LIMA ;"5";-30,0258330949;-51,1510513837
2020-03-10 01:58:32;454;JOÃO ALFREDO X; ;R. JOÃO ALFREDO ;"487";-30,0412773854;-51,2252774926
2020-03-10 01:58:32;325;COUTO DE MAGALHAES X PORTUGAL; ;R GEN COUTO DE MAGALHAES ;"1868";-30,0146225443;-51,1829841266
2020-03-10 01:58:32;480;HOTEL COMFORT;"";AV LOUREIRO DA SILVA;"1670";-30,028339;-51,228538
2020-03-10 01:58:32;72;SERTÓRIO X PRESIDENTE ROOSEVELT;"3337-3042 ";AV SERTORIO ;"473";-29,9996094917;-51,2012422295
2020-03-10 01:58:32;122;PADRE CHAGAS X LUCIANA DE ABREU;"3222-7481 ";R PADRE CHAGAS ;"242";-30,0248996734;-51,2033609044
2020-03-10 01:58:32;352;IRMÃO JOSE OTÃO X SANTO ANTONIO; ;R IRMAO JOSE OTAO ;"540";-30,0314343047;-51,2131413961
2020-03-10 01:58:32;51;CAPITÓLIO;"3224-3223 ";AV BORGES DE MEDEIROS ;"1080";-30,0362438693;-51,2280364303
2020-03-10 01:58:32;63;PRAÇA PINHEIRO MACHADO X FARRAPOS; ;AV PATRIA ;"613";-30,0062123346;-51,2016365909
2020-03-10 01:58:32;228;CALDAS JUNIOR X SETE DE SETEMBRO; ;R CALDAS JUNIOR ;"180";-30,0299923124;-51,2321254314
2020-03-10 01:58:32;460;AV. ASSIS BRASIL X AV. FRANCISCO TREIN; ;AV. ASSIS BRASIL ;"2611";-30,0109020328;-51,161062508
2020-03-10 01:58:32;25;SAPÉ X FRANCISCO TREIN;"3361 4088 ";R SAPE ;"525";-30,0179052628;-51,1585408853
2020-03-10 01:58:32;61;FERNANDES VIEIRA X VASCO DA GAMA;"3222-8931 ";R FERNANDES VIEIRA ;"261";-30,0316876867;-51,2109190968
2020-03-10 01:58:32;79;HOSPITAL MOINHOS DE VENTO;"3311-3588 ";R RAMIRO BARCELOS ;"919";-30,0270643003;-51,2092497261
2020-03-10 01:58:32;201;VASCO ALVES X WASHINGTON LUIZ; ;R GEN VASCO ALVES ;"490";-30,0356900016;-51,2375846614
2020-03-10 01:58:32;329;CARNEIRO DA FONTOURA X ASSIS BRASIL; ;AV CARNEIRO DA FONTOURA ;"28";-30,0113494849;-51,166284306
2020-03-10 01:58:32;120;SEBASTIÃO LEÃO EM FRENTE AO HOSPITAL PORTO ALEGRE;"3221-5595 ";R DR SEBASTIAO LEAO ;"99";-30,0449970696;-51,2172046782
2020-03-10 01:58:32;149;DIOMARIO MOOJEN X CAMPOS VELHO; ;R DIOMARIO MOOJEN ;"30";-30,0928153496;-51,2369095104
2020-03-10 01:58:32;83;KASTELÃO TERESÓPOLIS;"3336-2635 ";AV TERESOPOLIS ;"2888";-30,0789618305;-51,2088477491
2020-03-10 01:58:32;291;TEATRO DA OSPA; ;R GEN JOAO TELLES ;"10";-30,0295665404;-51,2118689399
2020-03-10 01:58:32;353;ITABORAI X BARÃO DO AMAZONAS; ;R ITABORAI ;"677";-30,0514601499;-51,1869688199
2020-03-10 01:58:32;396;SERGIO JUNGBLUT DIETRICH X SERTÓRIO; ;R SERGIO JUNGBLUT DIETERICH ;"10";-29,99746453;-51,142749211
2020-03-10 01:58:32;478;Jerônimo Zelmanovitz x Assis Brasil;"";R JERONYMO ZELMANOVITZ;"60";-30,028339;-51,228538
2020-03-10 01:58:32;145;BOURBON COUNTRY;"3328-0403 ";AV TULIO DE ROSE ;"80";-30,0227644225;-51,1622383657
2020-03-10 01:58:32;351;IRMÃO JOSÉ OTÃO X THOMAS FLORES; ;R IRMAO JOSE OTAO ;"190";-30,0306322987;-51,2165292363
2020-03-10 01:58:32;45;SARMENTO LEITE X LIMA E SILVA;"3221-8393 ";R SARMENTO LEITE ;"880";-30,0366755339;-51,2233221111
2020-03-10 01:58:32;59;PUC UNIVERSIDADE;"3339-1133 ";AV IPIRANGA ;"6681";-30,0581193785;-51,1764417714
2020-03-10 01:58:32;280;TANAUI DA S BOEIRA X JOÃO DE O REMIÃO;"33193030 ";R TANAUI DA SILVA BOEIRA ;"10";-30,1242202464;-51,1045047435
2020-03-10 01:58:32;434;VEADOR PORTO X IPIRANGA; ;R VEADOR PORTO ;"795";-30,0489676718;-51,1973814795
2020-03-10 01:58:32;305;ASSIS BRASIL X ITARARÉ; ;AV ASSIS BRASIL ;"2201";-30,0116440385;-51,1654399429
2020-03-10 01:58:32;412;VOLUNTARIOS DA PATRIA X POLONIA; ;R VOLUNTARIOS DA PATRIA ;"3223";-30,0062197154;-51,2084987117
2020-03-10 01:58:32;48;SANTA CECÍLIA X IPIRANGA (ZAFFARI);"3331-0649 ";R SANTA CECILIA ;"1143";-30,0456362752;-51,199131818
2020-03-10 01:58:32;380;OSCAR PEREIRA X PRAÇA DA SAUDADE; ;AV PROF OSCAR PEREIRA ;"400";-30,054845115;-51,21103217
2020-03-10 01:58:32;400;TEIXEIRA MENDES X NILO PEÇANHA; ;AV TEIXEIRA MENDES ;"1309";-30,028742554191911;-51,165829896926887
2020-03-10 01:58:32;420;INDEPENDÊNCIA; ;AV INDEPENDENCIA ;"813";-30,0294562711;-51,2130118032
2020-03-10 01:58:32;80;CAERGS;"3288-1200 ";AV BORGES DE MEDEIROS ;"1501";-30,0403835813;-51,2286300052
2020-03-10 01:58:32;101;ANITA GARIBALDI X FABIO N BARROS;"3328-1891 ";R ANITA GARIBALDI ;"1985";-30,0230650878;-51,1759996165
2020-03-10 01:58:32;123;ZAFFARI LIMA E SILVA;"4141-4158";R LUIZ AFONSO ;"143";-30,0385894555;-51,2204810626
2020-03-10 01:58:32;358;JOÃO ZANENGA X ASSIS BRASIL; ;R JOAO ZANENGA ;"11";-30,0102364565;-51,1554659234
2020-03-10 01:58:32;55;HOSPITAL NOSSA SENHORA DA CONCEIÇÃO;"3341-5688 ";AV FRANCISCO TREIN ;"557";-30,0162788698;-51,1592883763
2020-03-10 01:58:32;161;PRAÇA ALBERTO PASQUALINI; ;AV ALBERTO PASQUALINI ;"240";-30,0299716192;-51,1451694028
2020-03-10 01:58:32;436;BIG SHOPPING EDUARDO PRADO;"3250-6064 ";AV, EDUARDO PRADO 330 ;"1194";-30,1292088407;-51,2186510751
2020-03-10 01:58:32;30;TERMINAL ANTÔNIO DE CARVALHO;"3336-5841 ";AV ANTONIO CARVALHO ;"44";-30,0651433232;-51,1510585557
2020-03-10 01:58:32;132;FELIZARDO X FELIZARDO FURTADO;"3330-1192 ";R FELIZARDO FURTADO ;"649";-30,0492106232;-51,1836901627
2020-03-10 01:58:32;135;POSTO GLÓRIA;"3339-0456 ";AV PROF OSCAR PEREIRA ;"2728";-30,0742938432;-51,2023816461
2020-03-10 01:58:32;223;JOAO PESSOA X AVAI; ;AV JOÃO PESSOA ;"85";-30,0331740679;-51,2226742312
2020-03-10 01:58:32;417;DEMETRIO RIBEIRO X GEN BENTO MARTINS; ;R DEMETRIO RIBEIRO ;"551";-30,0357615422;-51,2337930451
2020-03-10 01:58:32;485;Polônia x Rio Grande;"";AV POLONIA;"255";-30,007534064540703;-51,206803321838386
2020-03-10 01:58:32;31;ASSIS BRASIL, 6464;"3364-1234 ";AV ASSIS BRASIL ;"6476";-29,9942750272;-51,1296169595
2020-03-10 01:58:32;237;BORGES DE MEDEIROS X PRAÇA MONTEVIDEO; ;AV BORGES DE MEDEIROS ;"262";-30,0286297516;-51,2280111914
2020-03-10 01:58:32;249;SR DOS PASSOS X VOLUNTARIOS DA PATRIA; ;R SENHOR DOS PASSOS ;"30";-30,0273408432;-51,2240002483
2020-03-10 01:58:32;86;BOTAFOGO X AZENHA;"3223-3555 ";R BOTAFOGO ;"1455";-30,0551625766;-51,2151384909
2020-03-10 01:58:32;310;AZENHA X IPIRANGA; ;AV DA AZENHA ;"366";-30,0470371724;-51,2137007741
2020-03-10 01:58:32;256;SENHOR DOS PASSOS X ANDRADAS; ;R SENHOR DOS PASSOS ;"259";-30,0294292164;-51,2233698737
2020-03-10 01:58:32;292;ANNES DIAS X PRAÇA DOM FELICIANO; ;R PROF ANNES DIAS ;"155";-30,0307737516;-51,2233989748
2020-03-10 01:58:32;369;MARCILIO DIAS X AZENHA; ;R MARCILIO DIAS ;"1565";-30,0504887375;-51,2133247036
2020-03-10 01:58:32;70;AUXILIADORA X 24 DE OUTUBRO;(51) 3337-2121;R AUXILIADORA ;"268";-30,0216750242;-51,1908998092
2020-03-10 01:58:32;355;JOÃO INACIO X CEARA; ;R DR JOAO INACIO ;"1366";-30,0031469695;-51,1923572202
2020-03-10 01:58:32;466;FRANCISCO RODOLFO SIMCH X JOAO LUDERIZT; ;AV ENG FRANCISCO RODOLFO SIMCH ;"117";-30,0067394171;-51,1349249928
2020-03-10 01:58:32;262;NOVOTEL;"3331-1600 ";AV SOLEDADE ;"555";-30,0327667661;-51,1791180687
2020-03-10 01:58:32;366;LUCAS DE OLIVEIRA X PEDRO IVO; ;AV CEL LUCAS DE OLIVEIRA ;"845";-30,0296985843;-51,194574214
2020-03-10 01:58:32;433;SETE DE SETEMBRO X TRAV ARAÚJO RIBEIRO; ;R SETE DE SETEMBRO ;"601";-30,0307242173;-51,2344320669
2020-03-10 01:58:32;213;BORGES DE MEDEIROS X DEMETRIO RIBEIRO; ;AV BORGES DE MEDEIROS ;"1057";-30,0360358147;-51,2281497077
2020-03-10 01:58:32;222;LUIZ AFONSO X JOSE DO PATROCINIO; ;R LUIZ AFONSO ;"395";-30,0400854558;-51,2228533531
2020-03-10 01:58:32;258;HOTEL PLAZA SÃO RAFAEL;"3227-8014 ";AV ALBERTO BINS ;"514";-30,0279962234;-51,221429719
2020-03-10 01:58:32;283;AUGUSTO SEVERO;"3362-1213 ";R AUGUSTO SEVERO ;"15";-30,0071925354;-51,1888682308
2020-03-10 01:58:32;27;ERNESTO DA FONTOURA X BENJAMIN CONSTANT;"3342-9714 ";R ERNESTO FONTOURA ;"1510";-30,0105097453;-51,1931397871
2020-03-10 01:58:32;69;TRT PRAIA DE BELAS;"3231-5195 ";R MARCILIO DIAS ;"200";-30,0490177845;-51,2277999022
2020-03-10 01:58:32;177;ERECHIM X NONOAI; ;R ERECHIM ;"782";-30,0889185568;-51,2172792059
2020-03-10 01:58:32;229;PRAÇA MARECHAL DEODORO(TEATRO SÃO PEDRO); ;R GEN CAMARA ;"521";-30,0318816963;-51,2301591655
2020-03-10 01:58:32;270;CABRAL;"3379-1744 ";R CABRAL ;"15";-30,0330834291;-51,2082258611
2020-03-10 01:58:32;372;MARILAND X AMERICA; ;AV MARILAND ;"431";-30,0185639228;-51,194276601
2020-03-10 01:58:32;393;SÃO MANOEL X LEOPOLDO BIER; ;R SAO MANOEL ;"1213";-30,0446832181;-51,2045637903
2020-03-10 01:58:32;17;BOURBON ASSIS BRASIL;"3343-5607 ";AV ASSIS BRASIL ;"200";-30,0081456533;-51,1839838658
2020-03-10 01:58:32;76;JERÔNIMO DE ORNELAS X JACINTO GOMES;"3223-2512 ";AV JERONIMO DE ORNELAS ;"601";-30,0403056612;-51,2093608916
2020-03-10 01:58:32;415;BERNARDINO AMORIM X SATURNINO VANDERLOTE; ;AV BERNARDINO SILVEIRA DE AMORIM ;"3450";-30,0057879624;-51,0968670217
2020-03-10 01:58:32;57;PRAÇA GUIA LOPES (TERESÓPOLIS - FIM DA LINHA);"3336-3342 "; ;"0";-30,0810677389;-51,2122310496
2020-03-10 01:58:32;224;SHOPPING NOVA OLARIA; ;R GEN LIMA E SILVA ;"776";-30,0392898507;-51,2201029874
2020-03-10 01:58:32;333;CINCO DE NOVEMBRO X SEPÉ TIARAJÚ; ;AV CINCO DE NOVEMBRO ;"30";-30,0755953029;-51,2144697526
2020-03-10 01:58:32;41;PRAIA DE BELAS SHOPPING;(51) 3231-4433;AV BORGES DE MEDEIROS ;"2700";-30,0511575476;-51,2297063116
2020-03-10 01:58:32;410;"24 DE OUTUBRO X MARILAND"; ;R VINTE QUATRO DE OUTUBRO ;"1427";-30,0222170379;-51,1943118242
2020-03-10 01:58:32;119;PANAMERICANA X CATAMARCA;"3344-4490 ";AV PANAMERICANA ;"104";-30,0095877974;-51,1512258427
2020-03-10 01:58:32;96;ÁLVARO ALVIM (HCPA);"3331-0524 ";RUA PROF. ÁLVARO ALVIM ;"436";-30,037377248;-51,197639456
2020-03-10 01:58:32;444;ASSIS BRASIL (FORO SARANDI); ;AV. ASSIS BRASIL ;"7625";-29,9868851255;-51,1210703242
2020-03-10 01:58:32;337;FARRAPOS X CONDE DE PORTO ALEGRE; ;AV FARRAPOS ;"1962";-30,0149305144;-51,205602394
2020-03-10 01:58:32;348;GIORDANO BRUNO X PROTÁSIO ALVES; ;R GIORDANO BRUNO ;"388";-30,0371754401;-51,2064625088
2020-03-10 01:58:32;208;ANDRADAS X JOÃO MANOEL; ;R GEN JOAO MANOEL;"290";-30,0312363579;-51,2334454318
2020-03-10 01:58:32;402;ANEXO Hospital Moinhos de Ventos; ;R TIRADENTES ;"333";-30,0244542034;-51,2081797932
2020-03-10 01:58:32;187;ORFANOTROFIO (UNIVERSIDADE UNIRITTER); ;R ORFANOTROFIO ;"570";-30,0806465035;-51,219339109
2020-03-10 01:58:32;209;SIQUEIRA CAMPOS X JOÃO MANOEL; ;R SIQUEIRA CAMPOS ;"735";-30,0297397162;-51,2343762062
2020-03-10 01:58:32;232;CAPITÃO MONTANHA X SIQUEIRA CAMPOS; ;R CAPITÃO MONTANHA ;"37";-30,0285548663;-51,2323768018
2020-03-10 01:58:32;6;BARRA SHOPPING SUL;"3266-6514 ";AV DIARIO DE NOTICIAS ;"0";-30,081204099;-51,2463835105
2020-03-10 01:58:32;65;HOSPITAL MÃE DE DEUS;"3233-9531 ";R JOSE DE ALENCAR ;"286";-30,0596250717;-51,2288276307
2020-03-10 01:58:32;251;JUSTIÇA FEDERAL (ANEXO); ;R OTAVIO FRANCISCO CARUSO DA ROCHA ;"600";-30,040100694;-51,2347779582
2020-03-10 01:58:32;166;CEL MASSOT X CEL ARISTIDES; ;R CEL MASSOT ;"400";-30,100266537;-51,2446697624
2020-03-10 01:58:32;269;HOSPITAL SANTA CASA (ÁREA INTERNA);"32125526 ";AV INDEPENDENCIA ;"155";-30,0295591178;-51,2199269354
2020-03-10 01:58:32;335;FARIA SANTOS X ARTIGAS; ;R FARIA SANTOS ;"589";-30,048089371;-51,1912256667
2020-03-10 01:58:32;21;JOÃO PESSOA (CENTRO COMERCIAL);"3223-7447 ";AV JOAO PESSOA ;"1788";-30,0453620161;-51,2130763226
2020-03-10 01:58:32;131;BEZERRA DE MENEZES X ASSIS BRASIL;"3361-3372 ";R BEZERRA DE MENEZES;"102";-30,0117254011;-51,1691039582
2020-03-10 01:58:32;452;MARQUÊS DO HERVAL X QUINTINO BOCAIÚVA; ;R. MARQUÊS DO HERVAL ;"540";-30,0212130601;-51,1988627787
2020-03-10 01:58:32;97;OSCAR BITTENCOURT X JOSÉ DE ALENCAR;"3233-2297 ";R DR OSCAR BITTENCOURT ;"203";-30,0600892524;-51,2247579903
2020-03-10 01:58:32;253;HOTEL TULIP INN;"3221-5477 ";AV ALBERTO BINS ;"308";-30,0281323062;-51,2236381621
2020-03-10 01:58:32;405;VENANCIO AIRES X AUGUSTO PESTANA; ;AV VENANCIO AIRES ;"1355";-30,0368434381;-51,2089393402
2020-03-10 01:58:32;374;MONTEIRO LOBATO X SÃO MANOEL; ;R MONTEIRO LOBATO ;"236";-30,0539133311;-51,1970085028
2020-03-10 01:58:32;482;PADRE CACIQUE(BEIRA RIO);"";AV PADRE CACIQUE;"891";-30,028339;-51,228538
2020-03-10 01:58:32;357;JERONIMO DE ORNELAS X SANTANA; ;AV JERONIMO DE ORNELAS ;"287";-30,0418923309;-51,2118505782
2020-03-10 01:58:32;375;MOURA AZEVEDO X PRES FRANKLIN ROOSEVELT; ;R MOURA AZEVEDO ;"517";-30,0113193178;-51,2044839555
2020-03-10 01:58:32;20;SILVA JARDIM X ANITA GARIBALDI;"3331-2612 ";R SILVA JARDIM ;"581";-30,0271925958;-51,1900590844
2020-03-10 01:58:32;230;GEN CAMARA X GEN ANDRADE NEVES; ;R GEN CAMARA ;"376";-30,0307333795;-51,2299482463
2020-03-10 01:58:32;284;TRIBUNAL DE JUSTIÇA ESTADUAL;"32110505 ";AV BORGES DE MEDEIROS ;"1565";-30,0429462274;-51,2288748483
2020-03-10 01:58:32;35;GENERAL PORTINHO X ANDRADAS;"3228-7541 ";R GEN PORTINHO ;"199";-30,0325891779;-51,2374128967
2020-03-10 01:58:32;345;FRANCISCO TREIN X PR SADY CONCEIÇÃO; ;AV FRANCISCO TREIN ;"596";-30,0163175751;-51,1591580082
2020-03-10 01:58:32;94;JARDIM PLANALTO;"3347-2590 ";R VITORIO FRANCISCO GIORDANI ;"300";-30,0109216549;-51,1356638023
2020-03-10 01:58:32;362;MIN DE OLIVEIRA LIMA X PRESIDENTE JUAREZ; ;R MINISTRO OLIVEIRA LIMA ;"21";-30,0039072043;-51,1464644309
2020-03-10 01:58:32;403;TITO ZAMBECARI X LUCAS DE OLIVEIRA; ;R TITO LIVIO ZAMBECARI ;"167";-30,0287345089;-51,1944848974
2020-03-10 01:58:32;128;CUNHA LOUZADA X OSCAR PEREIRA;"3339-6812 ";R GEN CUNHA LOUZADA ;"10";-30,0693738302;-51,2047192045
2020-03-10 01:58:32;299;ABILIO AZAMBUJA X SÃO BENEDITO, PROF.; ;R PROF ABILIO AZAMBUJA ;"555";-30,0480298295;-51,1665928151
2020-03-10 01:58:32;450;MONTE CRISTO X EDUARDO PRADO; ;AV. MONTE CRISTO ;"1194";-30,1233065292;-51,2215000667
2020-03-10 01:58:32;102;SHOPPING CENTER IGUATEMI;"3334-5545 ";AV JOAO WALLIG ;"1800";-30,0254487549;-51,1632092798
2020-03-10 01:58:32;220;ZERO HORA; ;R ZERO HORA ;"5";-30,0483490435;-51,2173629363
2020-03-10 01:58:32;243;MAL FLORIANO PEIXOTO X ANDRADAS; ;R MARECHAL FLORIANO PEIXOTO ;"91";-30,0297707826;-51,2268745411
2020-03-10 01:58:32;294;COMENDADOR MANOEL PEREIRA X CEL VICENTE; ;R COMENDADOR MANOEL PEREIRA ;"72";-30,0259510707;-51,221739483
2020-03-10 01:58:32;13;CARAZINHO X PROTÁSIO ALVES;"3334-3123 ";AV PROTASIO ALVES ;"2657";-30,0434048632;-51,1825890265
2020-03-10 01:58:32;44;CORONEL BORDINI X 24 DE OUTUBRO;"3342-5319 ";R CEL BORDINI ;"509";-30,0225184336;-51,1970087102
2020-03-10 01:58:32;328;CARLOS S. MARTINS PACHECO X ASSIS BRASIL; ;R CARLOS SILVEIRA MARTINS PACHECO ;"114";-30,0107462656;-51,1594275372
2020-03-10 01:58:32;12;CASTRO DE MENEZES X WENCESLAU ESCOBAR;"3264-6299 ";R DR CASTRO DE MENEZES ;"700";-30,1017355826;-51,2489716606
2020-03-10 01:58:32;324;CONCEIÇÃO X PASSARELA DA RODOVIARIA; ;R DA CONCEICAO ;"127";-30,0242616779;-51,2195520291
2020-03-10 01:58:32;321;CARLOS P. DE BRUM X FERNANDO M. RIBEIRO; ;R CARLOS PESSOA DE BRUM ;"150";-30,0571673001;-51,2066901781
2020-03-10 01:58:32;73;CAVALHADA/OTTO;"3249-2193 ";R AFONSO ARINOS ;"1016";-30,1018376628;-51,2318162206
2020-03-10 01:58:32;252;SANTA MARIA X BENTO GONÇALVES; ;R SANTA MARIA ;"27";-30,0620591869;-51,1677756839
2020-03-10 01:58:32;451;FRANCISCO PETUCO X PLINIO BRASIL MILANO; ;AV FRANCISCO PETUCO ;"45";-30,019498085;-51,1755871041
2020-03-10 01:58:32;365;GAL. LIMA E SILVA X LUIZ AFONSO; ;R GEN LIMA E SILVA ;"606";-30,0383426528;-51,2213245017
2020-03-10 01:58:32;377;NEUSA GOULART BRIZOLA X VICENTE DA FONT.; ;AV NEUSA GOULART BRIZOLA ;"2629";-30,0397772114;-51,1974061333
2020-03-10 01:58:32;477;Vigário José Inácio x Gal. Vitorino;"";R VIGARIO JOSE IGNACIO;"535";-30,028339;-51,228538
2020-03-10 01:58:32;247;ANNES DIAS X INDEPENDENCIA; ;R PROF ANNES DIAS ;"285";-30,0297335854;-51,2218831698
2020-03-10 01:58:32;108;DIVINO;"3321-4545 ";AV JOSE BONIFACIO ;"753";-30,0364202709;-51,210343237
2020-03-10 01:58:32;424;GENL LIMA E SILVA X LOUREIRO DA SILVA; ;R GEN LIMA E SILVA ;"200";-30,0357665406;-51,2246919917
2020-03-10 01:58:32;8;HOSPITAL DA PUC;"3336-5921 ";AV IPIRANGA ;"6690";-30,0574714259;-51,1764059882
2020-03-10 01:58:32;62;JOSÉ INÁCIO DA SILVA C/ BRASILIANO ÍNDIO DE MORAIS;"3341-8280 ";R MARECHAL JOSE INACIO DA SILVA ;"17";-30,0092052279;-51,1790162705
2020-03-10 01:58:32;141;DEZESSETE DE JUNHO X GETÚLIO VARGAS;"3227-9786 ";R DEZESSETE DE JUNHO ;"755";-30,047500788;-51,2216565951
2020-03-10 01:58:32;91;CENTRO CLÍNICO MÃE DE DEUS;"3231-9591 ";R COSTA ;"30";-30,0583471138;-51,2295361023
2020-03-10 01:58:32;116;VALPARAÍSO X BARÃO DO AMAZONAS;"3336-2748 ";R VALPARAISO ;"539";-30,0534279133;-51,1888112392
2020-03-10 01:58:32;204;VASCO ALVES X DUQUE DE CAXIAS; ;R GEN VASCO ALVES ;"339";-30,0344436665;-51,2382044412
2020-03-10 01:58:32;455;DOM PEDRO X AMÉRICO VESPÚCIO; ;R DOM PEDRO II ;"592";-30,012385296;-51,1881316188
2020-03-10 01:58:32;471;Gomes Jardim x Leopoldo Bier;"";R GOMES JARDIM;"253";-30,028339;-51,228538
2020-03-10 01:58:32;389;RAMIRO BARCELOS X MOSTARDEIROS; ;R RAMIRO BARCELOS ;"1101";-30,0286328428;-51,2086424071
2020-03-10 01:58:32;388;PRAIA DE BELAS X COSTA; ;AV PRAIA DE BELAS ;"2254";-30,0583754563;-51,2298689242
2020-03-10 01:58:32;52;JOÃO ABOTT X PROTÁSIO ALVES;"3331-1212 ";R JOAO ABBOTT ;"12";-30,042774178;-51,1895972821
2020-03-10 01:58:32;134;PRAÇA JULIO DE CASTILHOS;"3222-5845 ";PRAÇA JÚLIO DE CASTILHOS ;"19";-30,0289141441;-51,2083508114
2020-03-10 01:58:32;114;HOSPITAL BANCO DE OLHOS;"3344-5513 ";R ENG WALTER BOEHL ;"285";-30,0220740837;-51,1538572586
2020-03-10 01:58:32;334;ENIO AVELINI DA ROCHA X EDUARDO PRADO; ;R ENIO AVELINE DA ROCHA ;"8";-30,1305051814;-51,2181125881
2020-03-10 01:58:32;394;SÃO SIMÃO X PROTASIO ALVES; ;R SAO SIMAO ;"49";-30,0414867815;-51,1694153172
2020-03-10 01:58:32;429;PLINIO BRASIL MILANO; ;AV PLINIO BRASIL MILANO ;"2175";-30,015602363;-51,1718584058
2020-03-10 01:58:32;110;FELIZARDO X BARÃO DO AMAZONAS;"3332-4977 ";R FELIZARDO ;"300";-30,0499114718;-51,1868487119
2020-03-10 01:58:32;90;PROTASIO ALVES X PROF. DUPLAN;"3388-8796 ";R PROF DUPLAN ;"14";-30,0388749115;-51,2010506361
2020-03-10 01:58:32;81;CONDOMÍNIO JARDIM AMÉRICA;"3217-0833 ";R MOYSES ANTUNES DA CUNHA ;"55";-30,0601230084;-51,2065808895
2020-03-10 01:58:32;457;BELIZE X JOÃO ANTÔNIO DA SILVEIRA; ;RUA BELIZE ;"100";-30,1562778833;-51,140821570599996
2020-03-10 01:58:32;430;PROTÁSIO ALVES X JAIME TELLES; ;AV PROTASIO ALVES ;"1578";-30,0409670013;-51,1921084738
2020-03-10 01:58:32;133;BENTO GONÇALVES X APARÍCIO BORGES;"3339-2633 ";AV BENTO GONCALVES;"2905";-30,0638880584;-51,1860129856
2020-03-10 01:58:32;467;BECO SOUZA COSTA X AV PROTASIO ALVES; ;BC SOUZA COSTA ;"58";-30,0434729364;-51,1368903901
2020-03-10 01:58:32;363;PROF. LANGENDONCK X PROTASIO ALVES; ;R PROF LANGENDONCK ;"37";-30,0434425555;-51,1892584208
2020-03-10 01:58:32;378;NILOPOLIS X CARAZINHO; ;AV NILOPOLIS ;"540";-30,036720538;-51,1870255671
2020-03-10 01:58:32;487;Bento Gonçalves 1515;"";AV BENTO GONCALVES;"1515";-30,056465601335621;-51,198091506958008
2020-03-10 01:58:32;146;RODOVIÁRIA (ANEXO/NOTURNO); ;R DA CONCEICAO ;"120";-30,0242616779;-51,2195520291
2020-03-10 01:58:32;419;PRES FRANKLIN ROOSEVELT X SERTÓRIO; ;AV PRESIDENTE FRANKLIN ROOSEVELT ;"168";-30,0013986122;-51,2003466403
2020-03-10 01:58:32;281;JOÃO DE OLIVEIRA REMIÃO - PARADA 21;"33197059 ";ESTR JOAO DE OLIVEIRA REMIAO ;"8640";-30,1354988409;-51,094367481
2020-03-10 01:58:32;360;JOSÉ DO PATROCINIO X JOAQUIM NABUCO; ;R JOSE DO PATROCINIO ;"851";-30,0420385978;-51,2210647423
2020-03-10 01:58:32;385;PRAIA DE BELAS X CECILIA MEIRELES 1; ;AV PRAIA DE BELAS ;"1181";-30,0489425548;-51,227925641
2020-03-10 01:58:32;421;IPIRANGA X AZENHA; ;AV IPIRANGA ;"1801";-30,0472138347;-51,2117751736
2020-03-10 01:58:32;7;HOSPITAL CRISTO REDENTOR;"3345-1858 ";R DOMINGOS RUBBO ;"51";-30,010203849;-51,1590906384
2020-03-10 01:58:32;313;BERLIM X PARÁ; ;AV BERLIM ;"409";-30,0133159114;-51,1998519952
2020-03-10 01:58:32;198;ERICO VERISSIMO X VISCONDE DO HERVAL; ;AV ERICO VERISSIMO ;"960";-30,0537049434;-51,2183481675
2020-03-10 01:58:32;276;SHOPPING TOTAL (ÁREA INTERNA);"3018-8818 ";AV CRISTOVAO COLOMBO ;"545";-30,0256162706;-51,212641865
2020-03-10 01:58:32;439;ARY TARRAGÔ(RESIDENCIAL ALTO PETRÓPOLIS); ;R TEN ARY TARRAGO ;"340";-30,0392446621;-51,1356214785
2020-03-10 01:58:32;472;Lima e Silva x República;"";R GEN LIMA E SILVA;"461";-30,028339;-51,228538
2020-03-10 01:58:32;140;SÃO PEDRO X BAHIA;"3343-5217 ";AV SAO PEDRO ;"893";-30,0112084397;-51,2004024059
2020-03-10 01:58:32;315;BORDINI, CEL X 24 DE OUTUBRO; ;R CEL BORDINI ;"643";-30,0234448702;-51,1968555566
2020-03-10 01:58:32;322;CIPO X FRANCISCO BITENCOURT/ARY R LIMA; ;R CIPO ;"270";-30,0202896964;-51,1614749031
2020-03-10 01:58:32;22;ISMAEL CHAVES BARCELOS C/ BORGES DE MEDEIROS;"3224-9803 ";R ISMAEL CHAVES BARCELOS ;"0";-30,0440695053;-51,2288992059
2020-03-10 01:58:32;106;MADRE ANA X OSCAR PEREIRA;"3339-2777 ";R MADRE ANA ;"314";-30,0785637;-51,1986867327
2020-03-10 01:58:32;383;PLINIO BRASIL MILANO X EDUARDO CHARTER; ;AV PLINIO BRASIL MILANO ;"1120";-30,0204457818;-51,1800492262
2020-03-10 01:58:32;406;VERISSIMO ROSA X BENTO GONÇALVES; ;R VERISSIMO ROSA ;"44";-30,0572530366;-51,1955344016
2020-03-10 01:58:32;486;Nilo Peçanha;"";AV DR NILO PECANHA;"1640";-30,027776519241339;-51,174852848052979
2020-03-10 01:58:32;18;PORTUGUESA X BENTO GONÇALVES;"3336-8635 ";RUA PORTUGUESA ;"10";-30,0593157201;-51,1928414171
2020-03-10 01:58:32;127;"1º DE SETEMBRO X BENTO GONÇALVES";"3336-5993 ";R PRIMEIRO DE SETEMBRO ;"10";-30,0622622763;-51,1645158172
2020-03-10 01:58:32;245;VIG JOSE INACIO X JULIO DE CASTILHOS; ;R VIGARIO JOSE IGNACIO ;"114";-30,0264065886;-51,2257443807
2020-03-10 01:58:32;147;IGREJA SANTO ANTONIO; ;R TOMAZ EDISON ;"61";-30,0590810547;-51,2014300001
2020-03-10 01:58:32;303;ARI MARINHO X JOSÉ INACIO DA SILVA, MAL; ;R ARI MARINHO ;"297";-30,0132833617;-51,1795651554
2020-03-10 01:58:32;36;PRAÇA DOM SEBASTIÃO;"32240810 ";AV INDEPENDENCIA ;"275";-30,029498022;-51,2187637092
2020-03-10 01:58:32;54;MONTE CRISTO X RODRIGUES DA FONSECA;"3248-1286 ";AV MONTE CRISTO;"33";-30,1178349368;-51,2079802178
2020-03-10 01:58:32;277;RAMIRO BARCELOS;"3328-5535 ";R RAMIRO BARCELOS ;"1859";-30,0355326298;-51,2084358134
2020-03-10 01:58:32;445;AZEVEDO X CONDE DE PORTO ALEGRE; ;TRAVESSA AZEVEDO ;"56";-30,0154119283;-51,2051125389
2020-03-10 01:58:32;425;GEN LIMA E SILVA X VENÂNCIO AIRES; ;R GEN LIMA E SILVA ;"1100";-30,0417561374;-51,2178179436
2020-03-10 01:58:32;392;SANTO INACIO X HILARIO RIBEIRO; ;R SANTO INACIO ;"96";-30,0243580975;-51,2064666581
2020-03-10 01:58:32;465;AV. INDEPENDÊNCIA; ;AV INDEPENDENCIA ;"581";-30,0293709205;-51,2155567754
2020-03-10 01:58:32;71;MOINHOS SHOPPING;"3222-0874 ";R FELIX DA CUNHA ;"1099";-30,0229923547;-51,2020233495
2020-03-10 01:58:32;437;JOAQUIM DE CARVALHO X JOÃO SALOMONI; ;RUA JOAQUIM DE CARVALHO ;"30";-30,1138388759;-51,2194443568
2020-03-10 01:58:32;77;ZAFFARI CAVALHADA;"3241-2626 ";AV DA CAVALHADA ;"3621";-30,1075942947;-51,2275794104
2020-03-10 01:58:32;103;PROTÁSIO ALVES X OTÁVIO SANTOS;"33861040 ";R DR OTAVIO SANTOS ;"110";-30,0418357768;-51,1453085491
2020-03-10 01:58:32;214;BORGES DE MEDEIROS X FERNANDO MACHADO; ;AV BORGES DE MEDEIROS ;"929";-30,0348316917;-51,2280761342
2020-03-10 01:58:32;390;REPUBLICA X PRAIA DE BELAS; ;RUA DA REPUBLICA ;"901";-30,0416076881;-51,2280102699
2020-03-10 01:58:32;407;VICENTE DE PAULA D. X BORGES DE MEDEIROS; ;R DR VICENTE DE PAULA DUTRA ;"111";-30,0442452024;-51,2295759229
2020-03-10 01:58:32;483;Cel. Vicente X Júlio de Castilhos;"";R CEL VICENTE;"0";-30,024673997175984;-51,221630573272705
2020-03-10 01:58:32;88;RECEITA FEDERAL;"3227-3799 ";RUA IBANOR TARTAROTTI ;"0";-30,0373549934;-51,2371536342
2020-03-10 01:58:32;459;AV. GRECIA X AV. FRANCISCO TREIN; ;AV. GRÉCIA S/Nº ;"0";-30,0145687221;-51,169244818
2020-03-10 01:58:32;34;ARMANDO BARBEDO X WENCESLAU ESCOBAR;"3311-0104 ";R DR ARMANDO BARBEDO ;"400";-30,1120401968;-51,2552185054
2020-03-10 01:58:32;203;VASCO ALVES X DEMETRIO RIBEIRO; ;R GEN VASCO ALVES ;"490";-30,0356900016;-51,2375846614
2020-03-10 01:58:32;218;JOAQUIM NABUCO X JOSE DO PATROCINIO; ;R JOAQUIM NABUCO ;"332";-30,0422984407;-51,2216380039
2020-03-10 01:58:32;367;LUIZ VOELCKER X CARLOS HUBBER; ;R LUIZ VOELCKER ;"281";-30,0369563345;-51,1714700029
2020-03-10 01:58:32;49;EUGENIO RODRIGUES C/ JOAO ANTONIO DA SILVEIRA;"3250-2189 ";R EUGENIO RODRIGUES ;"1558";-30,153145105;-51,1483313143
2020-03-10 01:58:32;74;"24 DE OUTUBRO X HILÁRIO RIBEIRO";"3222-1990 ";R VINTE QUATRO DE OUTUBRO ;"474";-30,0264606913;-51,2032066924
2020-03-10 01:58:32;3;CARREFOUR PASSO D'AREIA;"3341-0629 ";AV PLINIO BRASIL MILANO ;"2343";-30,0124752854;-51,1713732561
2020-03-10 01:58:32;33;RAMIRO BARCELOS X FREDERICO LINK;"3311-4185 ";R CEL FREDERICO LINCK ;"25";-30,0297264972;-51,2082124827
2020-03-10 01:58:32;89;MARIANTE X MOSTARDEIRO;"3222-3560 ";R MARIANTE ;"180";-30,0294389725;-51,2042388406
2020-03-10 01:58:32;215;HOTEL EVEREST;"3225-6269 ";R DUQUE DE CAXIAS ;"1319";-30,0336791338;-51,2281718367
2020-03-10 01:58:32;28;JUSTIÇA FEDERAL;"3286-0316 ";R OTAVIO FRANCISCO CARUSO DA ROCHA ;"600";-30,040100694;-51,2347779582
2020-03-10 01:58:32;346;GAUCHOS X ASSIS BRASIL; ;AV DOS GAUCHOS ;"2049";-29,9931892315;-51,1291306967
2020-03-10 01:58:32;301;AMELIA TELES X NILÓPOLIS; ;R AMELIA TELES ;"392";-30,038802573;-51,1910088484
2020-03-10 01:58:32;468;DIRETRIZ 7121 X R JOAO ANTONIO SILVEIRA; ;DIRETRIZ ;"7121";"1";"1"
2020-03-10 01:58:32;344;FLORENCIO YGARTURA X MOSTARDEIRO; ;R DR FLORENCIO YGARTUA ;"391";-30,0300216355;-51,2030201295
2020-03-10 01:58:32;416;TRAVESSA DO CARMO; ;TRAV DO CARMO ;"84";-30,0384587822;-51,2260069625
2020-03-10 01:58:32;446;BENNO MENTZ X VINTE E SEIS DE ABRIL; ;R. BENNO MENTZ ;"1560";-30,0248465994;-51,1466299377
2020-03-10 01:58:32;10;GENERAL CALDWELL X GETÚLIO VARGAS;"3233-2503 ";R GEN CALDWELL ;"620";-30,0508632914;-51,2218783886
2020-03-10 01:58:32;227;CALDAS JUNIOR X ANDRADAS; ;R CALDAS JUNIOR ;"261";-30,0306980553;-51,2319304618
2020-03-10 01:58:32;373;MIGUEL TOSTES X CABRAL; ;R MIGUEL TOSTES ;"621";-30,0336922967;-51,2058031048
2020-03-10 01:58:32;376;MUCIO TEIXEIRA X MARCILIO DIAS; ;R MUCIO TEIXEIRA ;"699";-30,0512793995;-51,2245301853
2020-03-10 01:58:32;46;HOSPITAL ERNESTO DORNELLES;"3223-9245 ";AV IPIRANGA ;"1801";-30,0472138347;-51,2117751736
2020-03-10 01:58:32;64;ZAFFARI F. VIEIRA;"3311-3208 ";R FERNANDES VIEIRA ;"345";-30,0323802773;-51,2109505494
2020-03-10 01:58:32;226;JOAO PESSOA X REPUBLICA; ;AV JOAO PESSOA ;"599";-30,0371312836;-51,2196000115
2020-03-10 01:58:32;263;HOTEL RADISSON;"33882727 ";AV. CEL. LUCAS DE OLIVEIRA ;"995";-30,0312514811;-51,194565447
2020-03-10 01:58:32;449;SERTÓRIO X DONA ALZIRA; ;AV. SERTORIO ;"6767";-29,997878615;-51,1400143421
2020-03-10 01:58:32;350;IPIRANGA (HOSPITAL PUC); ;AV IPIRANGA ;"6000";-30,0587313531;-51,1810370069
2020-03-10 01:58:32;32;JOSÉ DO PATROCÍNIO X REPÚBLICA;"3224-8972 ";R JOSE DO PATROCINIO ;"413";-30,0390247698;-51,2241393783
2020-03-10 01:58:32;14;ADELINO F. JARDIM X MARTIM F. BERTA;"3366-8346 ";AV ADELINO FERREIRA JARDIM ;"15";-30,021163287;-51,1072466386
2020-03-10 01:58:32;107;ANTONIO GIUDICE X PROTASIO ALVES;"3386-4644 ";AV ANTONIO GIUDICE ;"115";-30,0380865431;-51,1241972257
2020-03-10 01:58:32;173;DIVISA X ICARAÍ; ;AV DIVISA ;"480";-30,0846895106;-51,2399904046
2020-03-10 01:58:32;293;BORGES DE MEDEIROS X SALGADO FILHO; ;AV BORGES DE MEDEIROS ;"450";-30,0305249522;-51,227698932
2020-03-10 01:58:32;404;TULIO DE ROSE X TADEU ONAR; ;AV TULIO DE ROSE ;"10";-30,0227818782;-51,163246379
2020-03-10 01:58:32;15;BIG SHOP (SERTÓRIO);"3340-4840 ";AV SERTORIO ;"6600";-29,9978009559;-51,1425811887
2020-03-10 01:58:32;130;LINDÓIA SHOPPING;"3347-3610 ";AV PANAMERICANA ;"47";-30,0099956315;-51,1511133008
2020-03-10 01:58:32;318;CAJU X PROTÁSIO ALVES; ;R CAJU ;"23";-30,0435967278;-51,1822113874
2020-03-10 01:58:32;379;NUNES X OSCAR PEREIRA; ;R NUNES ;"596";-30,0699033431;-51,2048494689
2020-03-10 01:58:32;39;PRAÇA PRINCESA ISABEL;"3223-1555 ";PCA PRINCESA ISABEL ;"0";-30,0507714179;-51,212773349
2020-03-10 01:58:32;78;SOUZA GOMES X WENCESLAU ESCOBAR;"3311-9246 ";TRAV GERMANO GARCIA ;"10";-30,1098968148;-51,2535182166
2020-03-10 01:58:32;254;HOTEL EMBAIXADOR;"32801213 ";R JERONIMO COELHO ;"325";-30,0326375516;-51,2260526961
2020-03-10 01:58:32;387;PRAIA DE BELAS X BASTIAN; ;AV PRAIA DE BELAS ;"1400";-30,0505936829;-51,2280818432
2020-03-10 01:58:32;422;PRINCESA ISABEL X GOMES JARDIM; ;AV PRINCESA ISABEL ;"771";-30,0471519557;-51,2059930702
2020-03-10 01:58:32;37;LAGEADO / NACIONAL;"3332-8343 ";AV LAGEADO ;"507";-30,0395012984;-51,1844748934
2020-03-10 01:58:32;43;JOSÉ DE ALENCAR X GONÇALVES DIAS;"3233-1098 ";R JOSE DE ALENCAR ;"940";-30,0605469487;-51,2220000438
2020-03-10 01:58:32;99;TRÊS DE ABRIL (INSS-IAPI);"3341-4593 ";R TRES DE ABRIL ;"0";-30,0138319224;-51,1784331229
2020-03-10 01:58:32;476;Liberdade x Paraguai ;"";R LIBERDADE;"227";-30,028339;-51,228538
2020-03-10 01:58:32;16;HOSPITAL DE CLÍNICAS;"3332-5789 ";R RAMIRO BARCELOS ;"2350";-30,0399311798;-51,2081162334
2020-03-10 01:58:32;98;SPORT CLUB SÃO JOSÉ X ASSIS BRASIL;"3341-6211 ";R SPORT CLUB SAO JOSE ;"75";-30,0103506477;-51,1712009858
2020-03-10 01:58:32;323;CLEMENCIANO BARNASQUE X TERESÓPOLIS; ;AV CLEMENCIANO BARNASQUE ;"30";-30,0818252059;-51,2116207829
2020-03-10 01:58:32;210;AUGUSTO DE CARVALHO X WASHINGTON LUIS; ;AV AUGUSTO DE CARVALHO ;"10";-30,0368328928;-51,2326415604
2020-03-10 01:58:32;473;Lima e Silva x Venâncio Aires;"";R GEN LIMA E SILVA;"1066";-30,028339;-51,228538
2020-03-10 01:58:32;391;SANTA TEREZINHA X JERONIMO DE ORNELAS; ;R SANTA TEREZINHA ;"450";-30,0412741428;-51,2100301
2020-03-10 01:58:32;139;MUCIO TEIXEIRA X BOTAFOGO;"3233-8416 ";R MUCIO TEIXEIRA ;"515";-30,0495294396;-51,2242404176
2020-03-10 01:58:32;42;QUINTINO BOCAIÚVA;"3342-7366 ";R QUINTINO BOCAIUVA ;"136";-30,0192058118;-51,1980229137
2020-03-10 01:58:32;169;ITAPITOCAI X ICARAÍ; ;R ITAPITOCAI ;"19";-30,0902069979;-51,241595331
2020-03-10 01:58:32;275;DUQUE DE CAXIAS;"32242088 ";R DUQUE DE CAXIAS ;"717";-30,0338065605;-51,2342893536
2020-03-10 01:58:32;279;REPÚBLICA;"3225-5211 ";R DA REPUBLICA ;"274";-30,0203924906;-51,1452746703
2020-03-10 01:58:32;340;FERNANDO GOMES X PADRE CHAGAS; ;R FERNANDO GOMES ;"100";-30,0265990701;-51,2050757297
2020-03-10 01:58:32;386;PRAIA DE BELAS X CECILIA MEIRELES 2; ;AV PRAIA DE BELAS ;"1181";-30,0489425548;-51,227925641
2020-03-10 01:58:32;193;GETULIO VARGAS;"30297310 ";AV GETULIO VARGAS ;"1118";-30,0544632764;-51,2223641924
2020-03-10 01:58:32;339;FELIX DA CUNHA X MARQUES DO POMBAL; ;R FELIX DA CUNHA ;"901";-30,0210135339;-51,2021293635
2020-03-10 01:58:32;343;FLAVIO PAUL X CRISTIANO FISCHER; ;R FLAVIO PAUL ;"10";-30,0527114464;-51,1703785912
2020-03-10 01:58:32;481;PADRE CACIQUE(GIGANTINHO);"";AV PADRE CACIQUE;"651";-30,028339;-51,228538
2020-03-10 01:58:32;461;CRISTÓVÃO C. X FELICISSIMO AZEVEDO; ;R. FELICÍSSIMO DE AZEVEDO ;"900";-30,0166240542;-51,1886926676
2020-03-10 01:58:32;484;Extinto: Polônia x Pernambuco;"";AV POLONIA;"822";-30,009429357214753;-51,200838088989265
2020-03-10 01:58:32;87;VASCO DA GAMA X JOÃO TELES;"3312-4967 ";R VASCO DA GAMA ;"15";-30,0317364409;-51,2121370259
2020-03-10 01:58:32;368;LUZITANA X ASSIS BRASIL; ;R LUZITANA ;"22";-30,0083840474;-51,1842402917
2020-03-10 01:58:32;331;CECILIA, DONA X AZENHA; ;R DONA CECILIA ;"18";-30,0576614294;-51,2154585588
2020-03-10 01:58:32;211;FERNANDO MACHADO X BORGES DE MEDEIROS; ;R CEL FERNANDO MACHADO ;"860";-30,0349485375;-51,2290217473
2020-03-10 01:58:32;231;GEN CAMARA X SETE DE SETEMBRO; ;R GEN CAMARA ;"156";-30,0291204441;-51,2299454719
2020-03-10 01:58:32;426;MANOEL ELIAS; ;AV MANOEL ELIAS ;"2006";-30,0334972775;-51,1213896644
2020-03-10 01:58:32;462;R. ARACY FROES X R. DR OTAVIO DOS SANTOS; ;R ARACY FROES ;"257";-30,0397505967;-51,1451136724
2020-03-10 01:58:32;464;AV. SEVERO DULLIUS (PEPSI ON STAGE); ;AV SEVERO DULLIUS ;"1995";-29,9882438488;-51,1781456632
2020-03-10 01:58:32;188;MANOEL LOBATO X ABELARDO MARQUES; ;R PROF MANOEL LOBATO ;"151";-30,0698685403;-51,2163340875
2020-03-10 01:58:32;440;CECÍLIO MONZA X HEITOR VIEIRA; ;RUA DOUTOR CECÍLIO MONZA ;"137";-30,1541396982;-51,1343222896
2020-03-10 01:58:32;255;HOTEL SAVOY;"3212-9339 ";AV BORGES DE MEDEIROS ;"688";-30,032604728;-51,2277995104
2020-03-10 01:58:32;136;SATURNINO DE BRITO X DOM LUIS GUANELLA;"3334-9309 ";AV SATURNINO DE BRITO ;"1627";-30,0273876286;-51,1506800944
2020-03-10 01:58:32;359;JOSÉ DE ALENCAR X ANTENOR LEMOS; ;R JOSE DE ALENCAR ;"259";-30,0597098036;-51,2290078597
2020-03-10 01:58:32;431;SÃO GUILHERME X BENTO GONÇALVES; ;R SAO GUILHERME ;"6";-30,0625966142;-51,1614245804
2020-03-10 01:58:32;11;BOURBON IPIRANGA;"3315-4433 ";R DEZOITO DE SETEMBRO ;"199";-30,0563247288;-51,1866957192
2020-03-10 01:58:32;19;CARREFOUR;"3336-0034 ";R ALBION ;"111";-30,0608396682;-51,1658178421
2020-03-10 01:58:32;5;AEROPORTO SALGADO FILHO;"3342-5000 ";AV SEVERO DULLIUS ;"90010";-29,9891220114;-51,1682736097
2020-03-10 01:58:32;272;PORTO ALEGRE RESIDENCE HOTEL; ;TRAV TUYUTY ;"10";-30,0333680902;-51,2239501161
2020-03-10 01:58:32;288;LUIZ MANOEL GONZAGA X CARLOS GOMES; ;AV LUIZ MANOEL GONZAGA ;"450";-30,0341061242;-51,1768623043
2020-03-10 01:58:32;463;AV. ÉRICO VERÍSSIMO X AV. IPIRANGA; ;AV ERICO VERISSIMO ;"400";-30,0488709637;-51,2180807219
2020-03-10 01:58:32;142;CUBANOS X ALBION;"3336-5323 ";AV DOS CUBANOS ;"303";-30,0589071862;-51,1661828823
2020-03-10 01:58:32;109;INSTITUTO DE CARDIOLOGIA;"3223-5434 ";AV PRINCESA ISABEL ;"395";-30,0488766991;-51,2090287187
2020-03-10 01:58:32;320;CÂNCIO GOMES X SANTOS DUMONT; ;R CANCIO GOMES ;"372";-30,0170461127;-51,208931021
2020-03-10 01:58:32;29;FÉLIX DA CUNHA X CRISTÓVÃO COLOMBO;"3222-2290 ";R FELIX DA CUNHA ;"561";-30,0181398382;-51,2023972048
2020-03-10 01:58:32;111;SÃO PEDRO X PRESIDENTE ROOSEVELT;"3343-5512 ";AV SAO PEDRO;"531";-30,00990619;-51,2037535557
2020-03-10 01:58:32;93;EURICO LARA X JOSÉ DE ALENCAR;"3233-0213 ";R EURICO LARA ;"51";-30,0602756581;-51,2169332859
2020-03-10 01:58:32;84;SÃO FRANCISCO X VICENTE DA FONTOURA;"3223-4312 ";R VICENTE DA FONTOURA ;"1500";-30,0475888619;-51,1998502341
2020-03-10 01:58:32;474;Casemiro de Abreu x Bordini, Cel ;"";R CASEMIRO DE ABREU;"1233";-30,028339;-51,228538
2020-03-10 01:58:32;470;Félix da Cunha (Anexo);"";R FELIX DA CUNHA;"681";-30,028339;-51,228538
2020-03-10 01:58:32;408;"24 DE OUTUBRO X OLAVO BARRETO VIANA"; ;R VINTE QUATRO DE OUTUBRO ;"722";-30,0247084929;-51,2010447446
2020-03-10 01:58:32;423;JOÃO GUIMARÃES X PROTÁSIO ALVES; ;R JOAO GUIMARAES ;"87";-30,0397202548;-51,2015019089
2020-03-10 01:58:32;9;CRISTÓVÃO COLOMBO/FELICÍSSIMO DE AZEVEDO;"3342-1733 ";AV CRISTOVAO COLOMBO ;"3187";-30,0175795604;-51,1883599298
2020-03-10 01:58:32;95;LAURO MÜLLER X A. J. RENNER;"3374-2070 ";R LAURO MULLER ;"560";-29,9970227185;-51,1961960469
2020-03-10 01:58:32;364;LIBERO BADARO X ANITA GARIBALDI; ;R LIBERO BADARO ;"420";-30,021544315;-51,1712996913
2020-03-10 01:58:32;441;PRESÍDIO CENTRAL; ;RUA DO PRESÍDIO ;"476";"1";"1"
2020-03-10 01:58:32;286;DOMINGOS CRESCÊNCIO X SANTANA; ;R DOMINGOS CRESCENCIO ;"358";-30,0491176589;-51,2066778739
2020-03-10 01:58:32;371;MARIANTE X CASEMIRO DE ABREU; ;R MARIANTE ;"399";-30,0312949593;-51,2042624321
2020-03-10 01:58:32;50;NACIONAL LEOPOLDINA;"3366-1183 ";R DR ROMAGUERA DA CUNHA CORREA ;"11";-30,01538577;-51,1119451705
2020-03-10 01:58:32;300;SÃO MIGUEL X APARICIO BORGES; ;RUA SÃO MIGUEL ;"220";-30,0727103884;-51,1925385293
2020-03-10 01:58:32;349;GOETHE X MOSTARDEIRO; ;AV GOETHE ;"0";-30,0295693483;-51,201143965
2020-03-10 01:58:32;124;SÃO LUIZ X IPIRANGA;"3223-3944 ";R SAO LUIZ ;"96";-30,044497545;-51,2066243134
2020-03-10 01:58:32;317;CABRAL X JOAQUIM PEDRO SALGADO; ;R CABRAL ;"1009";-30,0349136775;-51,1979397772
2020-03-10 01:58:32;260;MILLENIUM FLAT;"3223-3340 ";R DR ALTER CINTRA DE OLIVEIRA ;"0";-30,0548525027;-51,2289287453
2020-03-10 01:58:32;418;FABRICIO PILAR X ARTHUR ROCHA; ;R TEN CEL FABRICIO PILAR ;"800";-30,0254209154;-51,1892520077
2020-03-10 01:58:32;75;SANTO ANTONIO; ;R SANTO ANTONIO ;"782";-30,0320976396;-51,2142508681
2020-03-10 01:58:32;233;URUGUAI X SIQUEIRA CAMPOS; ; RUA URUGUAI ;"155";-30,0281645926;-51,2289659119
2020-03-10 01:58:32;53;PORTO SECO;"3340-9519 ";AV DANTE ANGELO PILLA ;"98";-30,0141678155;-51,1191162626
2020-03-10 01:58:32;82;JERÔNIMO DE ORNELAS X JOÃO PESSOA;"3223-4852 ";AV JERONIMO DE ORNELAS ;"14";-30,0433150443;-51,214491152
2020-03-10 01:58:32;26;ZAFFARI HIGIENÓPOLIS;"3328-7880 ";AV PLINIO BRASIL MILANO ;"1000";-30,0207897115;-51,1813200495
2020-03-10 01:58:32;104;PAULINO TEIXEIRA X PROTÁSIO ALVES;"3331-9633 ";R CEL PAULINO TEIXEIRA ;"423";-30,0380988985;-51,2032151055
2020-03-10 01:58:32;332;CEFER II X ANTONIO DE CARVALHO; ;RUA UM - CEFER II ;"10";-30,0535344384;-51,1470700773
2020-03-10 01:58:32;381;PALMIRA GOBBI X BONIFACIO NUNES; ;AV PALMIRA GOBBI ;"990";-29,9786661056;-51,1890428713
2020-03-10 01:58:32;4;TRIÂNGULO;"3340-0110 ";R GOMES DE FREITAS ;"72";-30,0107502917;-51,1430301762
2020-03-10 01:58:32;240;DR FLORES X SEN SALGADO FILHO; ;R DR FLORES ;"449";-30,0076312756;-51,152806097
2020-03-10 01:58:32;264;HOTEL INTERCITY;"3337-2140 ";R PROF SARMENTO BARATA ;"297";-29,9982848299;-51,1939983907
2020-03-10 01:58:32;163;CAVALHADA X EDUARDO PRADO; ;AV. DA CAVALHADA ;"5088";-30,1206508439;-51,2245350057
2020-03-10 01:58:32;217;ANDRE BELO X GETULIO VARGAS; ;R CEL ANDRE BELO ;"705";-30,0465173611;-51,2219802788
2020-03-10 01:58:32;274;HOTEL LANCASTER;"3212-7267 ";R GEN ANDRADE NEVES ;"159";-30,0307717978;-51,2282245936
2020-03-10 01:58:32;273;VICENTE DA FONTOURA;"3232-7848 ";R VICENTE DA FONTOURA ;"1164";-30,0491872053;-51,2028288715
2020-03-10 01:58:32;338;CARLOS VON KOSERITZ X CRISTOVÃO COLOMBO; ;R FELICISSIMO DE AZEVEDO ;"1020";-30,0177613702;-51,1885913355
2020-03-10 01:58:32;194;VISCONDE DO HERVAL X GETULIO VARGAS; ;R VISCONDE DO HERVAL ;"690";-30,0532347419;-51,2220673934
2020-03-10 01:58:32;212;PRAÇA MARECHAL DEODORO X DUQUE DE CAXIAS; ;PRAÇA MARECHAL DEODORO ;"101";-30,0323434736;-51,2301264748
2020-03-10 01:58:32;242;DR FLORES X ANDRADAS; ;R DR FLORES ;"263";-30,0067965017;-51,1525177699
2020-03-10 01:58:32;312;BENTO GONÇALVES X APARICIO BORGES; ;AV BENTO GONCALVES ;"2905";-30,0630598421;-51,1863733297
2020-03-10 01:58:32;38;ALFA X PROTÁSIO ALVES;"3334-4212 ";R ALFA ;"55";-30,03831021;-51,1729574618
2020-03-10 01:58:32;58;REPUBLICA X JOÃO PESSOA;"3227-4355 ";R DA REPUBLICA ;"24";-30,0364568435;-51,2203259714
2020-03-10 01:58:32;138;SILVADO X BENTO GONÇALVES;"3315-3504 ";R TEN ALPOIM ;"39";-30,0653424627;-51,181934717
2020-03-10 01:58:32;297;ANGELO CORSO X CEL MASSOT; ;R. ANGELO CORSO ;"5";-30,0975645592;-51,2338197685
2020-03-10 01:58:32;250;CARLOS CHAGAS X JULIO DE CASTILHOS; ;R CARLOS CHAGAS ;"55";-30,0248909819;-51,2229228385
2020-03-10 01:58:32;479; Rua Jorge Babot Miranda x Av. Juca Batista;"";R JORGE BABOT MIRANDA;"80";-30,028339;-51,228538
2020-03-10 01:58:32;361;JOSÉ FERREIRA DA SILVA X BENTO GONÇALVES; ;R DR JOSE FERREIRA DA SILVA ;"100";-30,0623682304;-51,1876475929
2020-03-10 01:58:32;259;HOTEL HOLIDAY;"3388-4728 ";AV CARLOS GOMES ;"565";-30,02686522;-51,1821409037
2020-03-10 01:58:32;336;FARRAPOS X HOFFMANN; ;AV FARRAPOS;"1295";-30,0193355895;-51,2099791541
2020-03-10 01:58:32;307;ASSIS BRASIL X SERTÓRIO; ;AV ASSIS BRASIL ;"8282";-29,9822425884;-51,1157605433
2020-03-10 01:58:32;137;JOÃO ALFREDO X REPÚBLICA;"3211-2260 ";R DA REPUBLICA ;"677";-30,040230868;-51,2259460121
2020-03-10 01:58:32;435;BOULEVARD STRIP CENTER; ;AV ASSIS BRASIL ;"4320";-30,0089291898;-51,1434977229
2020-03-10 01:58:32;92;MARILAND X 24 DE OUTUBRO;"3342-4398 ";AV MARILAND ;"815";-30,0220529197;-51,1939150639
2020-03-10 01:58:32;342;DONA FIRMINA X BENTO GONÇALVES; ;RUA DONA FIRMINA ;"11";-30,0619283641;-51,1712306263
